ROW,hotel,is_canceled,lead_time,arrival_date_year,arrival_date_month,arrival_date_week_number,arrival_date_day_of_month,stays_in_weekend_nights,stays_in_week_nights,adults,children,babies,meal,country,market_segment,distribution_channel,is_repeated_guest,previous_cancellations,previous_bookings_not_canceled,reserved_room_type,assigned_room_type,booking_changes,deposit_type,agent,company,days_in_waiting_list,customer_type,adr,required_car_parking_spaces,total_of_special_requests,reservation_status,reservation_status_date,name,email,phone-number,credit_card
1,Resort Hotel,0,342,2015,July,27,1,0,0,2,0,0,BB,PRT,Direct,Direct,0,0,0,C,C,3,No Deposit,,,0,Transient,0,0,0,Check-Out,7/1/2015,Ernest Barnes,Ernest.Barnes31@outlook.com,669-792-1661,************4322
2,Resort Hotel,0,737,2015,July,27,1,0,0,2,0,0,BB,PRT,Direct,Direct,0,0,0,C,C,4,No Deposit,,,0,Transient,0,0,0,Check-Out,7/1/2015,Andrea Baker,Andrea_Baker94@aol.com,858-637-6955,************9157
3,Resort Hotel,0,7,2015,July,27,1,0,1,1,0,0,BB,GBR,Direct,Direct,0,0,0,A,C,0,No Deposit,,,0,Transient,75,0,0,Check-Out,7/2/2015,Rebecca Parker,Rebecca_Parker@comcast.net,652-885-2745,************3734
4,Resort Hotel,0,13,2015,July,27,1,0,1,1,0,0,BB,GBR,Corporate,Corporate,0,0,0,A,A,0,No Deposit,304,,0,Transient,75,0,0,Check-Out,7/2/2015,Laura Murray,Laura_M@gmail.com,364-656-8427,************5677
5,Resort Hotel,0,14,2015,July,27,1,0,2,2,0,0,BB,GBR,Online TA,TA/TO,0,0,0,A,A,0,No Deposit,240,,0,Transient,98,0,1,Check-Out,7/3/2015,Linda Hines,LHines@verizon.com,713-226-5883,************5498
6,Resort Hotel,0,14,2015,July,27,1,0,2,2,0,0,BB,GBR,Online TA,TA/TO,0,0,0,A,A,0,No Deposit,240,,0,Transient,98,0,1,Check-Out,7/3/2015,Jasmine Fletcher,JFletcher43@xfinity.com,190-271-6743,************9263
7,Resort Hotel,0,0,2015,July,27,1,0,2,2,0,0,BB,PRT,Direct,Direct,0,0,0,C,C,0,No Deposit,,,0,Transient,107,0,0,Check-Out,7/3/2015,Dylan Rangel,Rangel.Dylan@comcast.net,420-332-5209,************6994
8,Resort Hotel,0,9,2015,July,27,1,0,2,2,0,0,FB,PRT,Direct,Direct,0,0,0,C,C,0,No Deposit,303,,0,Transient,103,0,1,Check-Out,7/3/2015,William Velez,Velez_William@mail.com,286-669-4333,************8729
9,Resort Hotel,1,85,2015,July,27,1,0,3,2,0,0,BB,PRT,Online TA,TA/TO,0,0,0,A,A,0,No Deposit,240,,0,Transient,82,0,1,Canceled,5/6/2015,Steven Murphy,Steven.Murphy54@aol.com,341-726-5787,************3639
10,Resort Hotel,1,75,2015,July,27,1,0,3,2,0,0,HB,PRT,Offline TA/TO,TA/TO,0,0,0,D,D,0,No Deposit,15,,0,Transient,105.5,0,0,Canceled,4/22/2015,Michael Moore,MichaelMoore81@outlook.com,316-648-6176,************9190
11,Resort Hotel,1,23,2015,July,27,1,0,4,2,0,0,BB,PRT,Online TA,TA/TO,0,0,0,E,E,0,No Deposit,240,,0,Transient,123,0,0,Canceled,6/23/2015,Priscilla Collins PhD,PhD.Priscilla74@att.com,833-887-7898,************4642
12,Resort Hotel,0,35,2015,July,27,1,0,4,2,0,0,HB,PRT,Online TA,TA/TO,0,0,0,D,D,0,No Deposit,240,,0,Transient,145,0,0,Check-Out,7/5/2015,Laurie Smith,Smith.Laurie@att.com,804-383-4080,************5450
13,Resort Hotel,0,68,2015,July,27,1,0,4,2,0,0,BB,USA,Online TA,TA/TO,0,0,0,D,E,0,No Deposit,240,,0,Transient,97,0,3,Check-Out,7/5/2015,Casey Thomas,Casey_T78@outlook.com,211-071-2173,************8518
14,Resort Hotel,0,18,2015,July,27,1,0,4,2,1,0,HB,ESP,Online TA,TA/TO,0,0,0,G,G,1,No Deposit,241,,0,Transient,154.77,0,1,Check-Out,7/5/2015,Rachel Friedman,Rachel.F@protonmail.com,435-075-8409,************9767
15,Resort Hotel,0,37,2015,July,27,1,0,4,2,0,0,BB,PRT,Online TA,TA/TO,0,0,0,E,E,0,No Deposit,241,,0,Transient,94.71,0,0,Check-Out,7/5/2015,Edward Torres,Edward.T@zoho.com,790-746-7471,************7719
16,Resort Hotel,0,68,2015,July,27,1,0,4,2,0,0,BB,IRL,Online TA,TA/TO,0,0,0,D,E,0,No Deposit,240,,0,Transient,97,0,3,Check-Out,7/5/2015,Samuel Zavala,Zavala_Samuel46@xfinity.com,649-384-5387,************7612
17,Resort Hotel,0,37,2015,July,27,1,0,4,2,0,0,BB,PRT,Offline TA/TO,TA/TO,0,0,0,E,E,0,No Deposit,8,,0,Contract,97.5,0,0,Check-Out,7/5/2015,Dr. Victor Martin,Dr.Martin@xfinity.com,331-430-8824,************6279
18,Resort Hotel,0,12,2015,July,27,1,0,1,2,0,0,BB,IRL,Online TA,TA/TO,0,0,0,A,E,0,No Deposit,240,,0,Transient,88.2,0,0,Check-Out,7/2/2015,Sara Lee,Sara.L@hotmail.com,573-306-9938,************8950
19,Resort Hotel,0,0,2015,July,27,1,0,1,2,0,0,BB,FRA,Corporate,Corporate,0,0,0,A,G,0,No Deposit,,110,0,Transient,107.42,0,0,Check-Out,7/2/2015,Curtis Rodriguez,CRodriguez@verizon.com,466-424-2102,************1179
20,Resort Hotel,0,7,2015,July,27,1,0,4,2,0,0,BB,GBR,Direct,Direct,0,0,0,G,G,0,No Deposit,250,,0,Transient,153,0,1,Check-Out,7/5/2015,Stephanie Schmidt,StephanieSchmidt@hotmail.com,896-642-1049,************1110
21,Resort Hotel,0,37,2015,July,27,1,1,4,1,0,0,BB,GBR,Online TA,TA/TO,0,0,0,F,F,0,No Deposit,241,,0,Transient,97.29,0,1,Check-Out,7/6/2015,John Matthews,John.Matthews@aol.com,952-496-4398,************1019
22,Resort Hotel,0,72,2015,July,27,1,2,4,2,0,0,BB,PRT,Direct,Direct,0,0,0,A,A,1,No Deposit,250,,0,Transient,84.67,0,1,Check-Out,7/7/2015,Robert Chung,Robert.Chung47@yandex.com,382-465-6552,************8524
23,Resort Hotel,0,72,2015,July,27,1,2,4,2,0,0,BB,PRT,Direct,Direct,0,0,0,A,A,1,No Deposit,250,,0,Transient,84.67,0,1,Check-Out,7/7/2015,Mark Garcia,MGarcia16@comcast.net,784-675-4921,************4371
24,Resort Hotel,0,72,2015,July,27,1,2,4,2,0,0,BB,PRT,Direct,Direct,0,0,0,D,D,1,No Deposit,250,,0,Transient,99.67,0,1,Check-Out,7/7/2015,Brandon Taylor,BrandonTaylor@hotmail.com,227-329-7167,************8470
25,Resort Hotel,0,127,2015,July,27,1,2,5,2,0,0,HB,GBR,Offline TA/TO,TA/TO,0,0,0,D,I,0,No Deposit,115,,0,Contract,94.95,0,1,Check-Out,7/1/2015,Angie Sanchez,Angie_Sanchez@att.com,211-889-2476,************8871
26,Resort Hotel,0,78,2015,July,27,1,2,5,2,0,0,BB,PRT,Offline TA/TO,TA/TO,0,0,0,D,D,0,No Deposit,5,,0,Transient,63.6,1,0,Check-Out,7/8/2015,Alexis King,King_Alexis70@hotmail.com,103-516-5853,************6809
27,Resort Hotel,0,48,2015,July,27,1,2,5,2,0,0,BB,IRL,Offline TA/TO,TA/TO,0,0,0,D,D,0,No Deposit,8,,0,Contract,79.5,0,0,Check-Out,7/8/2015,Michael Davidson,MichaelDavidson82@att.com,336-525-2460,************8662
28,Resort Hotel,1,60,2015,July,27,1,2,5,2,0,0,BB,PRT,Online TA,TA/TO,0,0,0,E,E,0,No Deposit,240,,0,Transient,107,0,2,Canceled,5/11/2015,Jaime Flynn,JaimeFlynn29@gmail.com,549-866-3721,************9660
29,Resort Hotel,0,77,2015,July,27,1,2,5,2,0,0,BB,PRT,Online TA,TA/TO,0,0,0,A,A,0,No Deposit,240,,0,Transient,94,0,0,Check-Out,7/8/2015,Mrs. Alicia Williams,Mrs..W61@yandex.com,427-564-4927,************4445
30,Resort Hotel,0,99,2015,July,27,1,2,5,2,0,0,BB,PRT,Online TA,TA/TO,0,0,0,D,D,0,No Deposit,240,,0,Transient,87.3,1,1,Check-Out,7/8/2015,Heather Hart,Heather.H@xfinity.com,431-329-6663,************2780
31,Resort Hotel,0,118,2015,July,27,1,4,10,1,0,0,BB,,Direct,Direct,0,0,0,A,A,2,No Deposit,,,0,Transient,62,0,2,Check-Out,7/15/2015,Diamond Wilson,Wilson.Diamond@comcast.net,870-563-6202,************8017
32,Resort Hotel,0,95,2015,July,27,1,4,11,2,0,0,BB,GBR,Offline TA/TO,TA/TO,0,0,0,D,D,0,No Deposit,241,,0,Transient,63.86,0,0,Check-Out,7/16/2015,Paul Williams,Williams_Paul@xfinity.com,789-736-8837,************7006
33,Resort Hotel,1,96,2015,July,27,1,2,8,2,0,0,BB,PRT,Direct,Direct,0,0,0,E,E,0,No Deposit,,,0,Transient,108.3,0,2,Canceled,5/29/2015,Reginald Cunningham,Reginald_C57@outlook.com,800-249-2144,************5699
34,Resort Hotel,0,69,2015,July,27,2,2,4,2,0,0,BB,IRL,Offline TA/TO,TA/TO,0,0,0,A,C,0,No Deposit,175,,0,Transient,65.5,0,0,Check-Out,7/8/2015,Willie Sims,Willie_S@yahoo.com,790-830-7635,************7682
35,Resort Hotel,1,45,2015,July,27,2,1,3,3,0,0,BB,PRT,Online TA,TA/TO,0,0,0,D,D,0,No Deposit,241,,0,Transient,108.8,0,1,Canceled,5/19/2015,Alex Brown,Alex.B@zoho.com,956-737-1944,************4084
36,Resort Hotel,1,40,2015,July,27,2,1,3,3,0,0,BB,PRT,Online TA,TA/TO,0,0,0,D,D,0,No Deposit,241,,0,Transient,108.8,0,1,Canceled,6/19/2015,Virginia Holden,Virginia.H@aol.com,734-480-9929,************8469
37,Resort Hotel,0,15,2015,July,27,2,1,3,2,0,0,BB,ESP,Online TA,TA/TO,0,0,0,A,C,0,No Deposit,240,,0,Transient,98,0,0,Check-Out,7/6/2015,John Smith,John_Smith@xfinity.com,624-965-3392,************6445
38,Resort Hotel,0,36,2015,July,27,2,1,3,3,0,0,BB,PRT,Online TA,TA/TO,0,0,0,D,D,0,No Deposit,241,,0,Transient,108.8,0,1,Check-Out,7/6/2015,Jennifer Barton,JBarton@hotmail.com,902-792-8048,************2544
39,Resort Hotel,1,43,2015,July,27,2,1,3,3,0,0,BB,PRT,Online TA,TA/TO,0,0,0,D,D,0,No Deposit,241,,0,Transient,108.8,0,0,Canceled,5/23/2015,Richard Holt,Richard.Holt@hotmail.com,517-420-6344,************7544
40,Resort Hotel,0,70,2015,July,27,2,2,3,2,0,0,HB,ROU,Direct,Direct,0,0,0,E,E,0,No Deposit,250,,0,Transient,137,0,1,Check-Out,7/7/2015,Amy Green,Amy.Green56@gmail.com,858-208-4589,************3073
41,Resort Hotel,1,45,2015,July,27,2,2,3,2,0,0,BB,PRT,Online TA,TA/TO,0,0,0,G,G,0,No Deposit,241,,0,Transient,117.81,0,0,Canceled,5/18/2015,Kimberly Perez,Perez.Kimberly84@hotmail.com,320-615-3590,************4653
42,Resort Hotel,0,45,2015,July,27,2,2,3,2,0,0,BB,IRL,Offline TA/TO,TA/TO,0,0,0,D,D,0,No Deposit,8,,0,Contract,79.5,0,0,Check-Out,7/7/2015,Carly Armstrong,CArmstrong@mail.com,521-784-3601,************7391
43,Resort Hotel,0,16,2015,July,27,2,2,3,2,0,0,BB,ESP,Direct,Direct,0,0,0,F,F,0,No Deposit,,,0,Transient,123,0,0,Check-Out,7/7/2015,Scott Hammond,ScottHammond41@verizon.com,632-108-8350,************4823
44,Resort Hotel,0,70,2015,July,27,2,2,3,2,0,0,HB,ROU,Direct,Direct,0,0,0,E,E,0,No Deposit,250,,0,Transient,137,0,1,Check-Out,7/7/2015,Debra Fuller,Debra.Fuller@protonmail.com,229-134-3710,************3550
45,Resort Hotel,0,107,2015,July,27,2,2,5,2,0,0,BB,PRT,Online TA,TA/TO,0,0,0,A,A,0,No Deposit,240,,0,Transient,110.7,0,2,Check-Out,7/9/2015,Rachel Davis,RachelDavis@mail.com,549-261-2558,************2810
46,Resort Hotel,1,47,2015,July,27,2,2,5,2,2,0,BB,PRT,Online TA,TA/TO,0,0,0,G,G,0,No Deposit,240,,0,Transient,153,0,0,Canceled,6/2/2015,Michael Mccormick,Mccormick.Michael19@aol.com,380-830-9585,************2950
47,Resort Hotel,0,96,2015,July,27,2,2,5,2,0,0,BB,ESP,Offline TA/TO,TA/TO,0,0,0,A,A,0,No Deposit,134,,0,Transient,58.95,0,1,Check-Out,7/9/2015,Ann Sullivan,AnnSullivan@att.com,947-577-3720,************4782
48,Resort Hotel,0,113,2015,July,27,2,2,5,2,0,0,BB,NOR,Offline TA/TO,TA/TO,0,0,0,E,E,0,No Deposit,156,,0,Transient-Party,82.88,0,2,Check-Out,7/9/2015,Rachel Wallace,Rachel_W79@xfinity.com,870-988-2775,************1133
49,Resort Hotel,0,90,2015,July,27,2,2,5,2,0,0,HB,GBR,Offline TA/TO,TA/TO,0,0,0,A,B,1,No Deposit,243,,0,Contract,82.35,0,0,Check-Out,7/9/2015,Carla Ferguson,Carla_Ferguson@att.com,724-910-8709,************8339
50,Resort Hotel,0,50,2015,July,27,2,2,5,2,0,0,HB,IRL,Online TA,TA/TO,0,0,0,E,F,1,No Deposit,241,,0,Transient,119.35,0,1,Check-Out,7/9/2015,Greg Hardin,Hardin_Greg@gmail.com,488-646-3204,************1449
51,Resort Hotel,0,113,2015,July,27,2,2,5,2,0,0,BB,NOR,Offline TA/TO,TA/TO,0,0,0,D,D,0,No Deposit,156,,0,Transient-Party,67.58,0,2,Check-Out,7/9/2015,Rachel Ho,Ho_Rachel74@aol.com,338-173-6502,************4642
52,Resort Hotel,0,93,2015,July,27,2,3,8,2,0,0,BB,IRL,Offline TA/TO,TA/TO,0,0,0,A,A,0,No Deposit,156,,0,Contract,56.01,0,0,Check-Out,7/13/2015,Elizabeth Joseph,Joseph_Elizabeth@yandex.com,625-613-9890,************5898
53,Resort Hotel,0,76,2015,July,27,2,4,10,2,0,0,BB,OMN,Offline TA/TO,TA/TO,0,0,0,D,D,0,No Deposit,243,,0,Contract,110.7,0,0,Check-Out,7/16/2015,Stephen Brown,Stephen.Brown@att.com,154-115-9953,************6842
54,Resort Hotel,0,3,2015,July,27,2,0,1,2,0,0,BB,ESP,Online TA,TA/TO,0,0,0,A,C,0,No Deposit,240,,0,Transient,88.2,1,0,Check-Out,7/3/2015,Scott Ward,Scott_Ward11@hotmail.com,463-281-5751,************2726
55,Resort Hotel,0,1,2015,July,27,2,0,1,2,0,0,BB,ARG,Online TA,TA/TO,0,0,0,H,H,0,No Deposit,240,,0,Transient,147,1,0,Check-Out,7/3/2015,Derrick Bailey,Derrick_Bailey@protonmail.com,709-066-0652,************6401
56,Resort Hotel,0,1,2015,July,27,2,0,1,2,2,0,BB,ESP,Direct,Direct,0,0,0,C,C,0,No Deposit,,,0,Transient,107,1,2,Check-Out,7/3/2015,Jessica Cole,Jessica_Cole@yahoo.com,179-191-0924,************3609
57,Resort Hotel,0,0,2015,July,27,2,0,1,2,0,0,BB,PRT,Direct,Direct,0,0,0,H,H,0,No Deposit,,,0,Transient,147,0,0,Check-Out,7/3/2015,Reginald Russo,Russo.Reginald65@comcast.net,765-624-6051,************1221
58,Resort Hotel,0,0,2015,July,27,2,0,1,2,0,0,BB,PRT,Online TA,TA/TO,0,0,0,A,D,0,No Deposit,240,,0,Transient,117.9,0,2,Check-Out,7/3/2015,William Sanchez,William.Sanchez@mail.com,120-215-7905,************2923
59,Resort Hotel,0,0,2015,July,27,2,0,1,2,0,0,BB,PRT,Direct,Direct,0,0,0,G,G,0,No Deposit,,,0,Transient,123,0,0,Check-Out,7/3/2015,Diane Rose,Diane.Rose@protonmail.com,362-196-5800,************7251
60,Resort Hotel,0,14,2015,July,27,2,0,2,2,0,0,BB,USA,Online TA,TA/TO,0,0,0,A,C,0,No Deposit,242,,0,Transient,98,0,1,Check-Out,7/4/2015,Nathan Smith,Nathan_Smith@comcast.net,689-649-9029,************4556
61,Resort Hotel,0,10,2015,July,27,2,0,2,2,0,0,BB,PRT,Online TA,TA/TO,0,0,0,G,G,0,No Deposit,241,,0,Transient,117.81,0,0,Check-Out,7/4/2015,Andrew Bullock,AndrewBullock17@hotmail.com,674-443-2397,************4571
62,Resort Hotel,0,5,2015,July,27,2,0,2,2,0,0,BB,IRL,Online TA,TA/TO,0,0,0,E,E,0,No Deposit,240,,0,Transient,135,1,2,Check-Out,7/4/2015,Nancy Mccormick,Nancy.M@protonmail.com,199-421-8585,************7707
63,Resort Hotel,0,17,2015,July,27,2,0,3,2,0,0,BB,ESP,Direct,Direct,0,0,0,F,F,0,No Deposit,250,,0,Transient,133,0,1,Check-Out,7/5/2015,Barbara Cole,Barbara.Cole@hotmail.com,152-786-1085,************6762
64,Resort Hotel,0,93,2015,July,27,2,0,3,2,0,0,BB,IRL,Offline TA/TO,TA/TO,0,0,0,A,C,0,No Deposit,115,,0,Contract,58.95,0,0,Check-Out,7/5/2015,Sheri Aguilar,Aguilar.Sheri22@att.com,333-467-7388,************5982
65,Resort Hotel,1,3,2015,July,27,2,0,3,2,0,0,HB,PRT,Online TA,TA/TO,0,0,0,A,A,0,No Deposit,240,,0,Transient,136.33,0,2,Canceled,6/29/2015,Sandra Graham,Sandra_Graham@xfinity.com,141-723-4259,************4525
66,Resort Hotel,0,10,2015,July,27,3,0,2,2,2,0,BB,USA,Online TA,TA/TO,0,0,0,G,H,0,No Deposit,240,,0,Transient,153,1,0,Check-Out,7/5/2015,Christopher Cabrera,Cabrera.Christopher@yahoo.com,852-612-3076,************8922
67,Resort Hotel,0,3,2015,July,27,3,0,2,2,0,0,BB,ESP,Online TA,TA/TO,0,0,0,A,C,0,No Deposit,240,,0,Transient,110.5,0,0,Check-Out,7/5/2015,Melinda Flores,Flores_Melinda@yahoo.com,419-443-6780,************9114
68,Resort Hotel,0,51,2015,July,27,3,0,2,2,0,0,BB,POL,Online TA,TA/TO,0,0,0,D,D,0,No Deposit,242,,0,Transient,97,0,0,Check-Out,7/5/2015,Michael Whitehead,Michael.W@mail.com,738-618-2202,************8548
69,Resort Hotel,1,71,2015,July,27,3,0,2,3,0,0,BB,PRT,Offline TA/TO,TA/TO,0,0,0,A,A,0,No Deposit,242,,0,Transient,110.3,0,2,Canceled,6/16/2015,Brent Hamilton,Brent.Hamilton15@gmail.com,304-692-3370,************9129
70,Resort Hotel,1,63,2015,July,27,3,0,2,2,0,0,BB,PRT,Online TA,TA/TO,0,0,0,A,A,0,No Deposit,240,,0,Transient,82,0,2,Canceled,6/18/2015,Jessica Bradford,JBradford@outlook.com,207-319-4187,************6345
71,Resort Hotel,1,62,2015,July,27,3,0,2,2,0,0,BB,PRT,Online TA,TA/TO,0,0,0,D,D,0,No Deposit,240,,0,Transient,97,0,1,Canceled,7/3/2015,Marissa Robinson,MarissaRobinson@mail.com,770-855-7071,************8906
72,Resort Hotel,1,101,2015,July,27,3,0,2,2,0,0,BB,PRT,Online TA,TA/TO,0,0,0,A,A,0,No Deposit,240,,0,Transient,73.8,0,1,Canceled,6/12/2015,Jennifer Curry,Jennifer_Curry@hotmail.com,964-722-0569,************2465
73,Resort Hotel,0,2,2015,July,27,3,0,2,2,0,0,HB,PRT,Offline TA/TO,TA/TO,0,0,0,A,A,0,No Deposit,3,,0,Transient,91.5,0,0,Check-Out,7/5/2015,Teresa Maldonado,Maldonado_Teresa95@protonmail.com,623-086-5362,************7419
74,Resort Hotel,0,15,2015,July,27,3,0,2,2,0,0,BB,ESP,Online TA,TA/TO,0,0,0,A,A,0,No Deposit,240,,0,Transient,114.5,0,0,Check-Out,7/5/2015,Bryan Perez,BryanPerez@gmail.com,125-111-5926,************7649
75,Resort Hotel,1,51,2015,July,27,3,0,2,3,0,0,BB,PRT,Online TA,TA/TO,0,0,0,A,A,0,No Deposit,242,,0,Transient,110.3,0,0,Canceled,6/9/2015,Timothy Horn,Timothy.H@yandex.com,308-321-9169,************9797
76,Resort Hotel,0,3,2015,July,27,3,1,2,2,0,0,BB,ESP,Online TA,TA/TO,0,0,0,A,A,0,No Deposit,240,,0,Transient,90.9,1,0,Check-Out,7/6/2015,Angela Williams,Angela.Williams@xfinity.com,580-737-9824,************2429
77,Resort Hotel,1,48,2015,July,27,3,1,2,2,0,0,BB,PRT,Online TA,TA/TO,0,0,0,E,E,0,No Deposit,240,,0,Transient,123,0,0,Canceled,5/26/2015,Lee Ramirez MD,LMD@yahoo.com,764-987-4238,************1841
78,Resort Hotel,0,2,2015,July,27,3,2,2,1,0,0,BB,PRT,Online TA,TA/TO,0,0,0,A,A,0,No Deposit,240,,0,Transient,122,0,0,Check-Out,7/7/2015,Allen Hoffman,AHoffman@protonmail.com,387-020-2239,************6785
79,Resort Hotel,0,72,2015,July,27,3,2,2,2,0,0,BB,DEU,Offline TA/TO,TA/TO,0,0,0,A,A,0,No Deposit,105,,0,Transient,110.7,1,0,Check-Out,7/7/2015,Michael Yu,Michael_Yu59@comcast.net,648-953-8540,************2015
80,Resort Hotel,0,81,2015,July,27,3,2,6,3,0,0,BB,PRT,Offline TA/TO,TA/TO,0,0,0,D,D,0,No Deposit,5,,0,Transient,85.86,0,0,Check-Out,7/11/2015,Anthony Moss,Anthony_Moss18@yandex.com,963-680-1077,************1583
81,Resort Hotel,0,99,2015,July,27,3,2,7,2,0,0,BB,FRA,Offline TA/TO,TA/TO,0,0,0,A,A,0,No Deposit,40,,0,Contract,58.95,0,0,Check-Out,7/12/2015,Tony Olson,Tony_O@outlook.com,177-359-1844,************2796
82,Resort Hotel,1,368,2015,July,27,3,3,7,2,0,0,BB,PRT,Offline TA/TO,TA/TO,0,0,0,A,A,0,No Deposit,40,,0,Contract,55.68,0,0,Canceled,5/19/2015,Clayton Cowan,Clayton.Cowan31@protonmail.com,504-743-2620,************8621
83,Resort Hotel,0,364,2015,July,27,3,3,7,2,0,0,BB,GBR,Offline TA/TO,TA/TO,0,0,0,A,A,0,No Deposit,40,,0,Contract,55.68,0,0,Check-Out,7/13/2015,Mrs. Debra Jackson DDS,DDS_Mrs.@att.com,307-631-6954,************5361
84,Resort Hotel,1,81,2015,July,27,3,3,7,2,0,0,HB,PRT,Direct,Direct,0,0,0,A,A,2,No Deposit,250,,0,Transient,124,0,1,Canceled,6/9/2015,Raymond Young,Young.Raymond92@verizon.com,699-642-7831,************1207
85,Resort Hotel,0,99,2015,July,27,3,3,7,2,0,0,HB,GBR,Offline TA/TO,TA/TO,0,0,0,E,E,0,No Deposit,115,,0,Contract,111.15,0,0,Check-Out,7/13/2015,Lisa Schroeder,Schroeder.Lisa@comcast.net,530-765-2207,************6525
86,Resort Hotel,0,324,2015,July,27,3,4,10,2,0,0,HB,GBR,Offline TA/TO,TA/TO,0,0,0,E,E,0,No Deposit,40,,0,Contract,134.73,0,0,Check-Out,7/17/2015,Kristin Roberts,Kristin_Roberts56@protonmail.com,697-234-2961,************5111
87,Resort Hotel,0,69,2015,July,27,3,4,10,2,0,0,BB,GBR,Online TA,TA/TO,0,0,0,F,F,1,No Deposit,241,,0,Transient,92.45,0,1,Check-Out,7/17/2015,Howard Williams,Howard_W@outlook.com,725-661-7321,************7698
88,Resort Hotel,1,79,2015,July,27,3,6,15,2,1,0,BB,PRT,Offline TA/TO,TA/TO,0,0,0,A,A,0,No Deposit,242,,0,Transient,108.73,0,2,Canceled,4/15/2015,Jennifer Murphy,Murphy.Jennifer59@yandex.com,704-540-0581,************5298
89,Resort Hotel,0,12,2015,July,27,3,0,1,2,0,0,BB,GBR,Online TA,TA/TO,0,0,0,A,C,0,No Deposit,240,,0,Transient,73.8,0,0,Check-Out,7/4/2015,Joshua Delacruz,JoshuaDelacruz@outlook.com,865-382-8535,************7875
90,Resort Hotel,0,9,2015,July,27,3,0,1,2,0,0,BB,PRT,Online TA,TA/TO,0,0,0,A,C,0,No Deposit,240,,0,Transient,98,1,2,Check-Out,7/4/2015,Colleen Murphy,Colleen.Murphy@mail.com,338-111-1480,************2377
91,Resort Hotel,0,1,2015,July,27,3,0,1,2,0,0,BB,ESP,Online TA,TA/TO,0,0,0,A,C,0,No Deposit,240,,0,Transient,131,0,1,Check-Out,7/4/2015,Rebecca Hebert,RHebert34@zoho.com,949-133-1514,************5325
92,Resort Hotel,0,21,2015,July,27,3,0,1,2,0,0,BB,PRT,Online TA,TA/TO,0,0,0,E,E,0,No Deposit,240,,0,Transient,123,0,0,Check-Out,7/4/2015,Robert Campbell,RCampbell@verizon.com,889-737-3353,************8057
93,Resort Hotel,0,9,2015,July,27,3,0,1,2,0,0,BB,USA,Online TA,TA/TO,0,0,0,C,C,0,No Deposit,241,,0,Transient,94.71,0,0,Check-Out,7/4/2015,Matthew Lang,Lang_Matthew34@hotmail.com,717-746-5383,************9947
94,Resort Hotel,0,109,2015,July,27,3,0,1,2,0,0,BB,BEL,Online TA,TA/TO,0,0,0,A,A,0,No Deposit,240,,0,Transient,123,0,2,Check-Out,7/4/2015,David Mcgee,David_M@aol.com,476-034-9610,************6891
95,Resort Hotel,1,109,2015,July,27,3,0,2,2,0,0,BB,PRT,Online TA,TA/TO,0,0,0,A,A,0,No Deposit,240,,0,Transient,123,0,1,Canceled,5/26/2015,Jill Key,JillKey89@att.com,660-175-9098,************5468
96,Resort Hotel,1,72,2015,July,27,3,0,2,2,0,0,BB,PRT,Online TA,TA/TO,0,0,0,A,A,0,No Deposit,240,,0,Transient,73.8,0,1,Canceled,6/29/2015,Nicole Campbell,NicoleCampbell26@zoho.com,438-796-8267,************2551
97,Resort Hotel,1,63,2015,July,27,3,2,5,2,0,0,BB,PRT,Online TA,TA/TO,0,0,0,F,F,0,No Deposit,242,,0,Transient,117,0,1,Canceled,5/13/2015,James Hill,Hill.James@mail.com,448-162-3076,************1311
98,Resort Hotel,0,63,2015,July,27,3,2,5,3,0,0,HB,ESP,Offline TA/TO,TA/TO,0,0,0,E,E,0,No Deposit,105,,0,Transient,196.54,0,1,Check-Out,7/10/2015,Daniel Richard,Daniel_R@xfinity.com,540-499-1735,************9315
99,Resort Hotel,0,101,2015,July,27,3,2,5,2,1,0,BB,PRT,Online TA,TA/TO,0,0,0,D,D,0,No Deposit,240,,0,Transient,99.3,1,2,Check-Out,7/10/2015,Jacob Porter,Porter_Jacob@verizon.com,432-456-4500,************4203
100,Resort Hotel,0,102,2015,July,27,3,2,5,2,0,0,BB,DEU,Direct,Direct,0,0,0,E,E,0,No Deposit,250,,0,Transient,90.95,0,0,Check-Out,7/10/2015,Susan Wilson,Wilson_Susan@comcast.net,253-535-6431,************9666
